com.simibubi.create.AllBlocks	com.zurrtum.create.AllBlocks	main
com.simibubi.create.AllCreativeModeTabs	com.zurrtum.create.AllCreativeModeTabs	main
com.simibubi.create.AllDataComponents	com.zurrtum.create.AllDataComponents	main
com.simibubi.create.AllItems	com.zurrtum.create.AllItems	main
com.simibubi.create.AllPartialModels	com.zurrtum.create.client.AllPartialModels	client
com.simibubi.create.AllShapes	com.zurrtum.create.AllShapes	main
com.simibubi.create.AllSoundEvents	com.zurrtum.create.AllSoundEvents	main
com.simibubi.create.AllSpriteShifts	com.zurrtum.create.client.AllSpriteShifts	client
com.simibubi.create.Create	AMBIGUO	?
com.simibubi.create.api.behaviour.display.DisplaySource	com.zurrtum.create.api.behaviour.display.DisplaySource	main
com.simibubi.create.api.behaviour.display.DisplaySource.displaySource	com.zurrtum.create.api.behaviour.display.DisplaySource.displaySource	main
com.simibubi.create.api.behaviour.display.DisplayTarget	com.zurrtum.create.api.behaviour.display.DisplayTarget	main
com.simibubi.create.api.behaviour.display.DisplayTarget.displayTarget	com.zurrtum.create.api.behaviour.display.DisplayTarget.displayTarget	main
com.simibubi.create.api.behaviour.interaction.MovingInteractionBehaviour	com.zurrtum.create.api.behaviour.interaction.MovingInteractionBehaviour	main
com.simibubi.create.api.behaviour.movement.MovementBehaviour	com.zurrtum.create.api.behaviour.movement.MovementBehaviour	main
com.simibubi.create.api.behaviour.movement.MovementBehaviour.movementBehaviour	com.zurrtum.create.api.behaviour.movement.MovementBehaviour.movementBehaviour	main
com.simibubi.create.api.boiler.BoilerHeater	com.zurrtum.create.api.boiler.BoilerHeater	main
com.simibubi.create.api.connectivity.ConnectivityHandler	com.zurrtum.create.api.connectivity.ConnectivityHandler	main
com.simibubi.create.api.contraption.BlockMovementChecks	com.zurrtum.create.api.contraption.BlockMovementChecks	main
com.simibubi.create.api.contraption.storage.SyncedMountedStorage	com.zurrtum.create.api.contraption.storage.SyncedMountedStorage	main
com.simibubi.create.api.contraption.storage.fluid.MountedFluidStorageType	com.zurrtum.create.api.contraption.storage.fluid.MountedFluidStorageType	main
com.simibubi.create.api.contraption.storage.fluid.MountedFluidStorageType.mountedFluidStorage	com.zurrtum.create.api.contraption.storage.fluid.MountedFluidStorageType.mountedFluidStorage	main
com.simibubi.create.api.contraption.storage.fluid.WrapperMountedFluidStorage	com.zurrtum.create.api.contraption.storage.fluid.WrapperMountedFluidStorage	main
com.simibubi.create.api.contraption.storage.item.MountedItemStorage	com.zurrtum.create.api.contraption.storage.item.MountedItemStorage	main
com.simibubi.create.api.contraption.storage.item.MountedItemStorageType	com.zurrtum.create.api.contraption.storage.item.MountedItemStorageType	main
com.simibubi.create.api.contraption.storage.item.WrapperMountedItemStorage	com.zurrtum.create.api.contraption.storage.item.WrapperMountedItemStorage	main
com.simibubi.create.api.equipment.goggles.IHaveGoggleInformation	com.zurrtum.create.client.api.goggles.IHaveGoggleInformation	client
com.simibubi.create.api.packager.InventoryIdentifier	com.zurrtum.create.api.packager.InventoryIdentifier	main
com.simibubi.create.api.schematic.requirement.SpecialBlockItemRequirement	com.zurrtum.create.api.schematic.requirement.SpecialBlockItemRequirement	main
com.simibubi.create.api.stress.BlockStressValues	com.zurrtum.create.api.stress.BlockStressValues	main
com.simibubi.create.content.contraptions.AbstractContraptionEntity	com.zurrtum.create.content.contraptions.AbstractContraptionEntity	main
com.simibubi.create.content.contraptions.Contraption	com.zurrtum.create.content.contraptions.Contraption	main
com.simibubi.create.content.contraptions.ContraptionWorld	com.zurrtum.create.content.contraptions.ContraptionWorld	main
com.simibubi.create.content.contraptions.MountedStorageManager	com.zurrtum.create.content.contraptions.MountedStorageManager	main
com.simibubi.create.content.contraptions.StructureTransform	com.zurrtum.create.content.contraptions.StructureTransform	main
com.simibubi.create.content.contraptions.actors.seat.SeatMovementBehaviour	com.zurrtum.create.content.contraptions.actors.seat.SeatMovementBehaviour	main
com.simibubi.create.content.contraptions.bearing.WindmillBearingBlockEntity	com.zurrtum.create.content.contraptions.bearing.WindmillBearingBlockEntity	main
com.simibubi.create.content.contraptions.bearing.WindmillBearingBlockEntity.RotationDirection	com.zurrtum.create.content.contraptions.bearing.WindmillBearingBlockEntity.RotationDirection	main
com.simibubi.create.content.contraptions.behaviour.MovementContext	com.zurrtum.create.content.contraptions.behaviour.MovementContext	main
com.simibubi.create.content.contraptions.behaviour.SimpleBlockMovingInteraction	com.zurrtum.create.content.contraptions.behaviour.SimpleBlockMovingInteraction	main
com.simibubi.create.content.contraptions.elevator.ElevatorContraption	com.zurrtum.create.content.contraptions.elevator.ElevatorContraption	main
com.simibubi.create.content.decoration.copycat.CopycatBlock	com.zurrtum.create.content.decoration.copycat.CopycatBlock	main
com.simibubi.create.content.decoration.copycat.CopycatBlockEntity	com.zurrtum.create.content.decoration.copycat.CopycatBlockEntity	main
com.simibubi.create.content.decoration.copycat.CopycatModel	com.zurrtum.create.client.infrastructure.model.CopycatModel	client
com.simibubi.create.content.decoration.copycat.WaterloggedCopycatBlock	com.zurrtum.create.content.decoration.copycat.WaterloggedCopycatBlock	main
com.simibubi.create.content.decoration.encasing.EncasableBlock	com.zurrtum.create.content.decoration.encasing.EncasableBlock	main
com.simibubi.create.content.decoration.encasing.EncasedBlock	com.zurrtum.create.content.decoration.encasing.EncasedBlock	main
com.simibubi.create.content.decoration.encasing.EncasedCTBehaviour	com.zurrtum.create.client.content.decoration.encasing.EncasedCTBehaviour	client
com.simibubi.create.content.decoration.encasing.EncasingRegistry	com.zurrtum.create.content.decoration.encasing.EncasingRegistry	main
com.simibubi.create.content.decoration.slidingDoor.DoorControlBehaviour	com.zurrtum.create.content.decoration.slidingDoor.DoorControlBehaviour	main
com.simibubi.create.content.decoration.slidingDoor.SlidingDoorMovementBehaviour	com.zurrtum.create.content.decoration.slidingDoor.SlidingDoorMovementBehaviour	main
com.simibubi.create.content.decoration.steamWhistle.WhistleBlock	com.zurrtum.create.content.decoration.steamWhistle.WhistleBlock	main
com.simibubi.create.content.decoration.steamWhistle.WhistleBlockEntity	com.zurrtum.create.content.decoration.steamWhistle.WhistleBlockEntity	main
com.simibubi.create.content.equipment.clipboard.ClipboardContent	com.zurrtum.create.infrastructure.component.ClipboardContent	main
com.simibubi.create.content.equipment.clipboard.ClipboardEntry	com.zurrtum.create.infrastructure.component.ClipboardEntry	main
com.simibubi.create.content.equipment.symmetryWand.SymmetryWandItem	com.zurrtum.create.content.equipment.symmetryWand.SymmetryWandItem	main
com.simibubi.create.content.equipment.wrench.IWrenchable	com.zurrtum.create.content.equipment.wrench.IWrenchable	main
com.simibubi.create.content.fluids.tank.CreativeFluidTankBlockEntity	com.zurrtum.create.content.fluids.tank.CreativeFluidTankBlockEntity	main
com.simibubi.create.content.fluids.tank.FluidTankBlockEntity	com.zurrtum.create.content.fluids.tank.FluidTankBlockEntity	main
com.simibubi.create.content.fluids.tank.FluidTankMovementBehavior	com.zurrtum.create.content.fluids.tank.FluidTankMovementBehavior	main
com.simibubi.create.content.fluids.tank.SoundPool	com.zurrtum.create.content.fluids.tank.SoundPool	main
com.simibubi.create.content.fluids.transfer.GenericItemEmptying	com.zurrtum.create.content.fluids.transfer.GenericItemEmptying	main
com.simibubi.create.content.fluids.transfer.GenericItemFilling	com.zurrtum.create.content.fluids.transfer.GenericItemFilling	main
com.simibubi.create.content.kinetics.KineticNetwork	com.zurrtum.create.content.kinetics.KineticNetwork	main
com.simibubi.create.content.kinetics.RotationPropagator	com.zurrtum.create.content.kinetics.RotationPropagator	main
com.simibubi.create.content.kinetics.base.AbstractEncasedShaftBlock	com.zurrtum.create.content.kinetics.base.AbstractEncasedShaftBlock	main
com.simibubi.create.content.kinetics.base.DirectionalKineticBlock	com.zurrtum.create.content.kinetics.base.DirectionalKineticBlock	main
com.simibubi.create.content.kinetics.base.GeneratingKineticBlockEntity	com.zurrtum.create.content.kinetics.base.GeneratingKineticBlockEntity	main
com.simibubi.create.content.kinetics.base.HorizontalKineticBlock	com.zurrtum.create.content.kinetics.base.HorizontalKineticBlock	main
com.simibubi.create.content.kinetics.base.IRotate	com.zurrtum.create.content.kinetics.base.IRotate	main
com.simibubi.create.content.kinetics.base.KineticBlock	com.zurrtum.create.content.kinetics.base.KineticBlock	main
com.simibubi.create.content.kinetics.base.KineticBlockEntity	com.zurrtum.create.content.kinetics.base.KineticBlockEntity	main
com.simibubi.create.content.kinetics.base.KineticBlockEntityRenderer	com.zurrtum.create.client.content.kinetics.base.KineticBlockEntityRenderer	client
com.simibubi.create.content.kinetics.base.KineticBlockEntityVisual	com.zurrtum.create.client.content.kinetics.base.KineticBlockEntityVisual	client
com.simibubi.create.content.kinetics.base.RotatedPillarKineticBlock	com.zurrtum.create.content.kinetics.base.RotatedPillarKineticBlock	main
com.simibubi.create.content.kinetics.base.RotatedPillarKineticBlock.AXIS	com.zurrtum.create.content.kinetics.base.RotatedPillarKineticBlock.AXIS	main
com.simibubi.create.content.kinetics.base.RotatingInstance	com.zurrtum.create.client.content.kinetics.base.RotatingInstance	client
com.simibubi.create.content.kinetics.base.SingleAxisRotatingVisual	com.zurrtum.create.client.content.kinetics.base.SingleAxisRotatingVisual	client
com.simibubi.create.content.kinetics.belt.BeltBlock	com.zurrtum.create.content.kinetics.belt.BeltBlock	main
com.simibubi.create.content.kinetics.belt.BeltPart	com.zurrtum.create.content.kinetics.belt.BeltPart	main
com.simibubi.create.content.kinetics.chainDrive.ChainDriveBlock	com.zurrtum.create.content.kinetics.chainDrive.ChainDriveBlock	main
com.simibubi.create.content.kinetics.crank.HandCrankBlock	com.zurrtum.create.content.kinetics.crank.HandCrankBlock	main
com.simibubi.create.content.kinetics.crank.HandCrankBlockEntity	com.zurrtum.create.content.kinetics.crank.HandCrankBlockEntity	main
com.simibubi.create.content.kinetics.crank.HandCrankRenderer	com.zurrtum.create.client.content.kinetics.crank.HandCrankRenderer	client
com.simibubi.create.content.kinetics.deployer.DeployerBlockEntity	com.zurrtum.create.content.kinetics.deployer.DeployerBlockEntity	main
com.simibubi.create.content.kinetics.deployer.DeployerHandler	com.zurrtum.create.content.kinetics.deployer.DeployerHandler	main
com.simibubi.create.content.kinetics.deployer.ManualApplicationRecipe	com.zurrtum.create.content.kinetics.deployer.ManualApplicationRecipe	main
com.simibubi.create.content.kinetics.mechanicalArm.AllArmInteractionPointTypes	com.zurrtum.create.content.kinetics.mechanicalArm.AllArmInteractionPointTypes	main
com.simibubi.create.content.kinetics.mechanicalArm.ArmBlockEntity	com.zurrtum.create.content.kinetics.mechanicalArm.ArmBlockEntity	main
com.simibubi.create.content.kinetics.mechanicalArm.ArmInteractionPoint	com.zurrtum.create.content.kinetics.mechanicalArm.ArmInteractionPoint	main
com.simibubi.create.content.kinetics.mechanicalArm.ArmInteractionPointType	com.zurrtum.create.content.kinetics.mechanicalArm.ArmInteractionPointType	main
com.simibubi.create.content.kinetics.saw.SawBlock	com.zurrtum.create.content.kinetics.saw.SawBlock	main
com.simibubi.create.content.kinetics.simpleRelays.AbstractSimpleShaftBlock	com.zurrtum.create.content.kinetics.simpleRelays.AbstractSimpleShaftBlock	main
com.simibubi.create.content.kinetics.simpleRelays.BracketedKineticBlockEntity	com.zurrtum.create.content.kinetics.simpleRelays.BracketedKineticBlockEntity	main
com.simibubi.create.content.kinetics.simpleRelays.BracketedKineticBlockEntityRenderer	com.zurrtum.create.client.content.kinetics.simpleRelays.BracketedKineticBlockEntityRenderer	client
com.simibubi.create.content.kinetics.simpleRelays.BracketedKineticBlockModel	com.zurrtum.create.client.infrastructure.model.BracketedKineticBlockModel	client
com.simibubi.create.content.kinetics.simpleRelays.CogWheelBlock	com.zurrtum.create.content.kinetics.simpleRelays.CogWheelBlock	main
com.simibubi.create.content.kinetics.simpleRelays.CogWheelBlock.isValidCogwheelPosition	com.zurrtum.create.content.kinetics.simpleRelays.CogWheelBlock.isValidCogwheelPosition	main
com.simibubi.create.content.kinetics.simpleRelays.ICogWheel	com.zurrtum.create.content.kinetics.simpleRelays.ICogWheel	main
com.simibubi.create.content.kinetics.simpleRelays.ShaftBlock	com.zurrtum.create.content.kinetics.simpleRelays.ShaftBlock	main
com.simibubi.create.content.kinetics.simpleRelays.SimpleKineticBlockEntity	com.zurrtum.create.content.kinetics.simpleRelays.SimpleKineticBlockEntity	main
com.simibubi.create.content.kinetics.simpleRelays.encased.EncasedCogVisual	com.zurrtum.create.client.content.kinetics.simpleRelays.encased.EncasedCogVisual	client
com.simibubi.create.content.kinetics.steamEngine.SteamEngineBlock	com.zurrtum.create.content.kinetics.steamEngine.SteamEngineBlock	main
com.simibubi.create.content.kinetics.steamEngine.SteamEngineBlockEntity	com.zurrtum.create.content.kinetics.steamEngine.SteamEngineBlockEntity	main
com.simibubi.create.content.kinetics.transmission.ClutchBlock	com.zurrtum.create.content.kinetics.transmission.ClutchBlock	main
com.simibubi.create.content.kinetics.transmission.ClutchBlockEntity	com.zurrtum.create.content.kinetics.transmission.ClutchBlockEntity	main
com.simibubi.create.content.kinetics.transmission.GearshiftBlock	com.zurrtum.create.content.kinetics.transmission.GearshiftBlock	main
com.simibubi.create.content.kinetics.transmission.GearshiftBlockEntity	com.zurrtum.create.content.kinetics.transmission.GearshiftBlockEntity	main
com.simibubi.create.content.kinetics.transmission.SplitShaftBlockEntity	com.zurrtum.create.content.kinetics.transmission.SplitShaftBlockEntity	main
com.simibubi.create.content.kinetics.transmission.SplitShaftRenderer	com.zurrtum.create.client.content.kinetics.transmission.SplitShaftRenderer	client
com.simibubi.create.content.kinetics.transmission.SplitShaftVisual	com.zurrtum.create.client.content.kinetics.transmission.SplitShaftVisual	client
com.simibubi.create.content.kinetics.transmission.sequencer.Instruction	com.zurrtum.create.content.kinetics.transmission.sequencer.Instruction	main
com.simibubi.create.content.kinetics.transmission.sequencer.InstructionSpeedModifiers	com.zurrtum.create.content.kinetics.transmission.sequencer.InstructionSpeedModifiers	main
com.simibubi.create.content.kinetics.transmission.sequencer.OnIsPoweredResult	com.zurrtum.create.content.kinetics.transmission.sequencer.OnIsPoweredResult	main
com.simibubi.create.content.kinetics.transmission.sequencer.SequencedGearshiftBlock	com.zurrtum.create.content.kinetics.transmission.sequencer.SequencedGearshiftBlock	main
com.simibubi.create.content.kinetics.transmission.sequencer.SequencedGearshiftBlockEntity	com.zurrtum.create.content.kinetics.transmission.sequencer.SequencedGearshiftBlockEntity	main
com.simibubi.create.content.kinetics.transmission.sequencer.SequencedGearshiftScreen	com.zurrtum.create.client.content.kinetics.transmission.sequencer.SequencedGearshiftScreen	client
com.simibubi.create.content.kinetics.transmission.sequencer.SequencerInstructions	com.zurrtum.create.content.kinetics.transmission.sequencer.SequencerInstructions	main
com.simibubi.create.content.logistics.chute.ChuteBlock	com.zurrtum.create.content.logistics.chute.ChuteBlock	main
com.simibubi.create.content.logistics.chute.ChuteBlockEntity	com.zurrtum.create.content.logistics.chute.ChuteBlockEntity	main
com.simibubi.create.content.logistics.chute.ChuteItem	com.zurrtum.create.content.logistics.chute.ChuteItem	main
com.simibubi.create.content.logistics.chute.ChuteItemHandler	com.zurrtum.create.content.logistics.chute.ChuteItemHandler	main
com.simibubi.create.content.logistics.chute.ChuteRenderer	com.zurrtum.create.client.content.logistics.chute.ChuteRenderer	client
com.simibubi.create.content.logistics.item.filter.attribute.ItemAttribute	com.zurrtum.create.content.logistics.item.filter.attribute.ItemAttribute	main
com.simibubi.create.content.logistics.item.filter.attribute.ItemAttributeType	com.zurrtum.create.content.logistics.item.filter.attribute.ItemAttributeType	main
com.simibubi.create.content.logistics.packager.PackagerBlock	com.zurrtum.create.content.logistics.packager.PackagerBlock	main
com.simibubi.create.content.logistics.packager.PackagerBlockEntity	com.zurrtum.create.content.logistics.packager.PackagerBlockEntity	main
com.simibubi.create.content.logistics.vault.ItemVaultBlock	com.zurrtum.create.content.logistics.vault.ItemVaultBlock	main
com.simibubi.create.content.processing.burner.BlazeBurnerBlockEntity	com.zurrtum.create.content.processing.burner.BlazeBurnerBlockEntity	main
com.simibubi.create.content.processing.sequenced.SequencedAssemblyItem	com.zurrtum.create.content.processing.sequenced.SequencedAssemblyItem	main
com.simibubi.create.content.redstone.DirectedDirectionalBlock	com.zurrtum.create.content.redstone.DirectedDirectionalBlock	main
com.simibubi.create.content.redstone.analogLever.AnalogLeverBlock	com.zurrtum.create.content.redstone.analogLever.AnalogLeverBlock	main
com.simibubi.create.content.redstone.analogLever.AnalogLeverBlockEntity	com.zurrtum.create.content.redstone.analogLever.AnalogLeverBlockEntity	main
com.simibubi.create.content.redstone.analogLever.AnalogLeverRenderer	com.zurrtum.create.client.content.redstone.analogLever.AnalogLeverRenderer	client
com.simibubi.create.content.redstone.analogLever.AnalogLeverVisual	com.zurrtum.create.client.content.redstone.analogLever.AnalogLeverVisual	client
com.simibubi.create.content.redstone.diodes.AbstractDiodeBlock	com.zurrtum.create.content.redstone.diodes.AbstractDiodeBlock	main
com.simibubi.create.content.redstone.diodes.BrassDiodeBlock	com.zurrtum.create.content.redstone.diodes.BrassDiodeBlock	main
com.simibubi.create.content.redstone.diodes.PoweredLatchBlock	com.zurrtum.create.content.redstone.diodes.PoweredLatchBlock	main
com.simibubi.create.content.redstone.displayLink.DisplayLinkBlock	com.zurrtum.create.content.redstone.displayLink.DisplayLinkBlock	main
com.simibubi.create.content.redstone.displayLink.DisplayLinkContext	com.zurrtum.create.content.redstone.displayLink.DisplayLinkContext	main
com.simibubi.create.content.redstone.displayLink.source.BoilerDisplaySource	com.zurrtum.create.content.redstone.displayLink.source.BoilerDisplaySource	main
com.simibubi.create.content.redstone.displayLink.source.PercentOrProgressBarDisplaySource	com.zurrtum.create.content.redstone.displayLink.source.PercentOrProgressBarDisplaySource	main
com.simibubi.create.content.redstone.displayLink.target.DisplayTargetStats	com.zurrtum.create.content.redstone.displayLink.target.DisplayTargetStats	main
com.simibubi.create.content.redstone.link.IRedstoneLinkable	com.zurrtum.create.content.redstone.link.IRedstoneLinkable	main
com.simibubi.create.content.redstone.link.LinkBehaviour	com.zurrtum.create.client.content.redstone.link.LinkBehaviour	client
com.simibubi.create.content.redstone.link.LinkRenderer	com.zurrtum.create.client.content.redstone.link.LinkRenderer	client
com.simibubi.create.content.redstone.link.RedstoneLinkBlockEntity	com.zurrtum.create.content.redstone.link.RedstoneLinkBlockEntity	main
com.simibubi.create.content.redstone.link.RedstoneLinkNetworkHandler	com.zurrtum.create.content.redstone.link.RedstoneLinkNetworkHandler	main
com.simibubi.create.content.redstone.link.RedstoneLinkNetworkHandler.Frequency	com.zurrtum.create.content.redstone.link.RedstoneLinkNetworkHandler.Frequency	main
com.simibubi.create.content.redstone.nixieTube.NixieTubeBlockEntity	com.zurrtum.create.content.redstone.nixieTube.NixieTubeBlockEntity	main
com.simibubi.create.content.redstone.thresholdSwitch.ThresholdSwitchBlock	com.zurrtum.create.content.redstone.thresholdSwitch.ThresholdSwitchBlock	main
com.simibubi.create.content.redstone.thresholdSwitch.ThresholdSwitchObservable	com.zurrtum.create.content.redstone.thresholdSwitch.ThresholdSwitchObservable	main
com.simibubi.create.content.schematics.SchematicExport	com.zurrtum.create.content.schematics.SchematicExport	main
com.simibubi.create.content.schematics.ServerSchematicLoader	com.zurrtum.create.content.schematics.ServerSchematicLoader	main
com.simibubi.create.content.schematics.client.ClientSchematicLoader	com.zurrtum.create.client.content.schematics.client.ClientSchematicLoader	client
com.simibubi.create.content.schematics.requirement.ItemRequirement	com.zurrtum.create.content.schematics.requirement.ItemRequirement	main
com.simibubi.create.content.trains.display.FlapDisplayBlockEntity	com.zurrtum.create.content.trains.display.FlapDisplayBlockEntity	main
com.simibubi.create.content.trains.entity.CarriageContraptionEntity	com.zurrtum.create.content.trains.entity.CarriageContraptionEntity	main
com.simibubi.create.content.trains.track.TrackPaver	com.zurrtum.create.content.trains.track.TrackPaver	main
com.simibubi.create.content.trains.track.TrackPlacement	com.zurrtum.create.content.trains.track.TrackPlacement	main
com.simibubi.create.foundation.advancement.AdvancementBehaviour	com.zurrtum.create.foundation.advancement.AdvancementBehaviour	main
com.simibubi.create.foundation.advancement.AllAdvancements	com.zurrtum.create.AllAdvancements	main
com.simibubi.create.foundation.block.IBE	com.zurrtum.create.foundation.block.IBE	main
com.simibubi.create.foundation.block.ProperWaterloggedBlock	com.zurrtum.create.foundation.block.ProperWaterloggedBlock	main
com.simibubi.create.foundation.block.connected.CTModel	com.zurrtum.create.client.infrastructure.model.CTModel	client
com.simibubi.create.foundation.block.connected.CTSpriteShiftEntry	com.zurrtum.create.client.foundation.block.connected.CTSpriteShiftEntry	client
com.simibubi.create.foundation.block.connected.ConnectedTextureBehaviour	com.zurrtum.create.client.foundation.block.connected.ConnectedTextureBehaviour	client
com.simibubi.create.foundation.blockEntity.ComparatorUtil	com.zurrtum.create.foundation.blockEntity.ComparatorUtil	main
com.simibubi.create.foundation.blockEntity.IMultiBlockEntityContainer	com.zurrtum.create.foundation.blockEntity.IMultiBlockEntityContainer	main
com.simibubi.create.foundation.blockEntity.SmartBlockEntity	com.zurrtum.create.foundation.blockEntity.SmartBlockEntity	main
com.simibubi.create.foundation.blockEntity.behaviour.BehaviourType	com.zurrtum.create.foundation.blockEntity.behaviour.BehaviourType	main
com.simibubi.create.foundation.blockEntity.behaviour.BlockEntityBehaviour	com.zurrtum.create.api.behaviour.BlockEntityBehaviour	main
com.simibubi.create.foundation.blockEntity.behaviour.CenteredSideValueBoxTransform	com.zurrtum.create.client.foundation.blockEntity.behaviour.CenteredSideValueBoxTransform	client
com.simibubi.create.foundation.blockEntity.behaviour.ValueBoxRenderer	com.zurrtum.create.client.foundation.blockEntity.behaviour.ValueBoxRenderer	client
com.simibubi.create.foundation.blockEntity.behaviour.ValueBoxTransform	com.zurrtum.create.client.foundation.blockEntity.behaviour.ValueBoxTransform	client
com.simibubi.create.foundation.blockEntity.behaviour.ValueSettingsBoard	com.zurrtum.create.client.foundation.blockEntity.ValueSettingsBoard	client
com.simibubi.create.foundation.blockEntity.behaviour.ValueSettingsFormatter	com.zurrtum.create.client.foundation.blockEntity.ValueSettingsFormatter	client
com.simibubi.create.foundation.blockEntity.behaviour.filtering.FilteringBehaviour	com.zurrtum.create.client.foundation.blockEntity.behaviour.filtering.FilteringBehaviour	client
com.simibubi.create.foundation.blockEntity.behaviour.filtering.FilteringRenderer	com.zurrtum.create.client.foundation.blockEntity.behaviour.filtering.FilteringRenderer	client
com.simibubi.create.foundation.blockEntity.behaviour.filtering.SidedFilteringBehaviour	com.zurrtum.create.client.foundation.blockEntity.behaviour.filtering.SidedFilteringBehaviour	client
com.simibubi.create.foundation.blockEntity.behaviour.inventory.CapManipulationBehaviourBase	com.zurrtum.create.foundation.blockEntity.behaviour.inventory.CapManipulationBehaviourBase	main
com.simibubi.create.foundation.blockEntity.behaviour.inventory.InvManipulationBehaviour	com.zurrtum.create.foundation.blockEntity.behaviour.inventory.InvManipulationBehaviour	main
com.simibubi.create.foundation.blockEntity.behaviour.scrollValue.ScrollOptionBehaviour	com.zurrtum.create.client.foundation.blockEntity.behaviour.scrollValue.ScrollOptionBehaviour	client
com.simibubi.create.foundation.blockEntity.behaviour.scrollValue.ScrollValueBehaviour	com.zurrtum.create.client.foundation.blockEntity.behaviour.scrollValue.ScrollValueBehaviour	client
com.simibubi.create.foundation.blockEntity.renderer.SmartBlockEntityRenderer	com.zurrtum.create.client.foundation.blockEntity.renderer.SmartBlockEntityRenderer	client
com.simibubi.create.foundation.codec.CreateCodecs	com.zurrtum.create.foundation.codec.CreateCodecs	main
com.simibubi.create.foundation.fluid.FluidHelper	com.zurrtum.create.foundation.fluid.FluidHelper	main
com.simibubi.create.foundation.fluid.FluidHelper.FluidExchange	com.zurrtum.create.foundation.fluid.FluidHelper.FluidExchange	main
com.simibubi.create.foundation.fluid.FluidRenderer	com.zurrtum.create.client.foundation.fluid.FluidRenderer	client
com.simibubi.create.foundation.gui.AllGuiTextures	com.zurrtum.create.client.foundation.gui.AllGuiTextures	client
com.simibubi.create.foundation.gui.AllIcons	com.zurrtum.create.client.foundation.gui.AllIcons	client
com.simibubi.create.foundation.gui.ModularGuiLineBuilder	com.zurrtum.create.client.foundation.gui.ModularGuiLineBuilder	client
com.simibubi.create.foundation.gui.widget.IconButton	com.zurrtum.create.client.foundation.gui.widget.IconButton	client
com.simibubi.create.foundation.gui.widget.ScrollInput	com.zurrtum.create.client.foundation.gui.widget.ScrollInput	client
com.simibubi.create.foundation.gui.widget.SelectionScrollInput	com.zurrtum.create.client.foundation.gui.widget.SelectionScrollInput	client
com.simibubi.create.foundation.item.ItemDescription	com.zurrtum.create.client.foundation.item.ItemDescription	client
com.simibubi.create.foundation.item.ItemHelper	com.zurrtum.create.foundation.item.ItemHelper	main
com.simibubi.create.foundation.item.KineticStats	com.zurrtum.create.client.foundation.item.KineticStats	client
com.simibubi.create.foundation.item.TooltipHelper	com.zurrtum.create.client.foundation.item.TooltipHelper	client
com.simibubi.create.foundation.item.TooltipModifier	com.zurrtum.create.client.foundation.item.TooltipModifier	client
com.simibubi.create.foundation.model.BakedModelHelper	com.zurrtum.create.client.foundation.model.BakedModelHelper	client
com.simibubi.create.foundation.placement.PoleHelper	com.zurrtum.create.foundation.placement.PoleHelper	main
com.simibubi.create.foundation.ponder.CreateSceneBuilder	com.zurrtum.create.client.foundation.ponder.CreateSceneBuilder	client
com.simibubi.create.foundation.render.AllInstanceTypes	com.zurrtum.create.client.foundation.render.AllInstanceTypes	client
com.simibubi.create.foundation.utility.CreateLang	com.zurrtum.create.client.foundation.utility.CreateLang	client
com.simibubi.create.foundation.utility.CreatePaths	com.zurrtum.create.foundation.utility.CreatePaths	main
com.simibubi.create.foundation.utility.FilesHelper	com.zurrtum.create.foundation.utility.FilesHelper	main
com.simibubi.create.infrastructure.config.AllConfigs	AMBIGUO	?
com.simibubi.create.infrastructure.ponder.AllCreatePonderTags	com.zurrtum.create.client.infrastructure.ponder.AllCreatePonderTags	client
com.simibubi.create.infrastructure.ponder.scenes.ChuteScenes	com.zurrtum.create.client.infrastructure.ponder.scenes.ChuteScenes	client
dev.engine_room.flywheel.api.instance.Instance	com.zurrtum.create.client.flywheel.api.instance.Instance	client
dev.engine_room.flywheel.api.visual.DynamicVisual	com.zurrtum.create.client.flywheel.api.visual.DynamicVisual	client
dev.engine_room.flywheel.api.visualization.VisualizationContext	com.zurrtum.create.client.flywheel.api.visualization.VisualizationContext	client
dev.engine_room.flywheel.api.visualization.VisualizationManager	com.zurrtum.create.client.flywheel.api.visualization.VisualizationManager	client
dev.engine_room.flywheel.lib.instance.AbstractInstance	com.zurrtum.create.client.flywheel.lib.instance.AbstractInstance	client
dev.engine_room.flywheel.lib.instance.FlatLit	com.zurrtum.create.client.flywheel.lib.instance.FlatLit	client
dev.engine_room.flywheel.lib.instance.InstanceTypes	com.zurrtum.create.client.flywheel.lib.instance.InstanceTypes	client
dev.engine_room.flywheel.lib.instance.TransformedInstance	com.zurrtum.create.client.flywheel.lib.instance.TransformedInstance	client
dev.engine_room.flywheel.lib.model.Models	com.zurrtum.create.client.flywheel.lib.model.Models	client
dev.engine_room.flywheel.lib.model.baked.PartialModel	com.zurrtum.create.client.flywheel.lib.model.baked.PartialModel	client
dev.engine_room.flywheel.lib.transform.TransformStack	com.zurrtum.create.client.flywheel.lib.transform.TransformStack	client
dev.engine_room.flywheel.lib.visual.SimpleDynamicVisual	com.zurrtum.create.client.flywheel.lib.visual.SimpleDynamicVisual	client
net.createmod.catnip.animation.AnimationTickHolder	com.zurrtum.create.client.catnip.animation.AnimationTickHolder	client
net.createmod.catnip.animation.LerpedFloat	com.zurrtum.create.catnip.animation.LerpedFloat	main
net.createmod.catnip.codecs.CatnipCodecUtils	com.zurrtum.create.catnip.codecs.CatnipCodecUtils	main
net.createmod.catnip.config.ConfigBase	com.zurrtum.create.catnip.config.ConfigBase	main
net.createmod.catnip.data.Couple	com.zurrtum.create.catnip.data.Couple	main
net.createmod.catnip.data.Iterate	com.zurrtum.create.catnip.data.Iterate	main
net.createmod.catnip.data.Pair	com.zurrtum.create.catnip.data.Pair	main
net.createmod.catnip.gui.AbstractSimiScreen	com.zurrtum.create.client.catnip.gui.AbstractSimiScreen	client
net.createmod.catnip.gui.ScreenOpener	com.zurrtum.create.client.catnip.gui.ScreenOpener	client
net.createmod.catnip.gui.UIRenderHelper	com.zurrtum.create.client.catnip.gui.UIRenderHelper	client
net.createmod.catnip.gui.element.GuiGameElement	com.zurrtum.create.client.catnip.gui.element.GuiGameElement	client
net.createmod.catnip.gui.element.ScreenElement	com.zurrtum.create.client.catnip.gui.element.ScreenElement	client
net.createmod.catnip.lang.FontHelper	com.zurrtum.create.client.catnip.lang.FontHelper	client
net.createmod.catnip.lang.Lang	com.zurrtum.create.client.catnip.lang.Lang	client
net.createmod.catnip.lang.LangBuilder	com.zurrtum.create.client.catnip.lang.LangBuilder	client
net.createmod.catnip.lang.LangNumberFormat	com.zurrtum.create.client.catnip.lang.LangNumberFormat	client
net.createmod.catnip.levelWrappers.WorldHelper	com.zurrtum.create.catnip.levelWrappers.WorldHelper	main
net.createmod.catnip.levelWrappers.WrappedLevel	com.zurrtum.create.catnip.levelWrappers.WrappedLevel	main
net.createmod.catnip.math.AngleHelper	com.zurrtum.create.catnip.math.AngleHelper	main
net.createmod.catnip.math.BlockFace	com.zurrtum.create.catnip.math.BlockFace	main
net.createmod.catnip.math.Pointing	com.zurrtum.create.catnip.math.Pointing	main
net.createmod.catnip.math.VecHelper	AMBIGUO	?
net.createmod.catnip.math.VoxelShaper	com.zurrtum.create.catnip.math.VoxelShaper	main
net.createmod.catnip.nbt.NBTHelper	com.zurrtum.create.catnip.nbt.NBTHelper	main
net.createmod.catnip.outliner.Outliner	com.zurrtum.create.client.catnip.outliner.Outliner	client
net.createmod.catnip.placement.IPlacementHelper	com.zurrtum.create.catnip.placement.IPlacementHelper	main
net.createmod.catnip.placement.PlacementHelpers	com.zurrtum.create.catnip.placement.PlacementHelpers	main
net.createmod.catnip.placement.PlacementOffset	com.zurrtum.create.catnip.placement.PlacementOffset	main
net.createmod.catnip.registry.RegisteredObjectsHelper	com.zurrtum.create.catnip.registry.RegisteredObjectsHelper	main
net.createmod.catnip.render.CachedBuffers	com.zurrtum.create.client.catnip.render.CachedBuffers	client
net.createmod.catnip.render.SuperByteBuffer	com.zurrtum.create.client.catnip.render.SuperByteBuffer	client
net.createmod.catnip.theme.Color	com.zurrtum.create.catnip.theme.Color	main
net.createmod.ponder.api.ParticleEmitter	com.zurrtum.create.client.ponder.api.ParticleEmitter	client
net.createmod.ponder.api.PonderPalette	com.zurrtum.create.client.ponder.api.PonderPalette	client
net.createmod.ponder.api.element.ElementLink	com.zurrtum.create.client.ponder.api.element.ElementLink	client
net.createmod.ponder.api.element.EntityElement	com.zurrtum.create.client.ponder.api.element.EntityElement	client
net.createmod.ponder.api.element.ParrotElement	com.zurrtum.create.client.ponder.api.element.ParrotElement	client
net.createmod.ponder.api.element.ParrotPose	com.zurrtum.create.client.ponder.api.element.ParrotPose	client
net.createmod.ponder.api.element.WorldSectionElement	com.zurrtum.create.client.ponder.api.element.WorldSectionElement	client
net.createmod.ponder.api.level.PonderLevel	com.zurrtum.create.client.ponder.api.level.PonderLevel	client
net.createmod.ponder.api.scene.SceneBuilder	com.zurrtum.create.client.ponder.api.scene.SceneBuilder	client
net.createmod.ponder.api.scene.SceneBuildingUtil	com.zurrtum.create.client.ponder.api.scene.SceneBuildingUtil	client
net.createmod.ponder.api.scene.Selection	com.zurrtum.create.client.ponder.api.scene.Selection	client
net.createmod.ponder.foundation.PonderIndex	com.zurrtum.create.client.ponder.foundation.PonderIndex	client
